Id,User Name,Email,Mobile,Status,Created_at,Updated_at
17,NewUser Test,rakeshkumar.sharma@dotsquares.com,8585858585,True,04-11-2022 11:18:42,22-12-2022 18:10:36
18,Prashant pal,prashant.pal@dotsquare.com,8585858585,True,12-12-2022 15:08:01,12-12-2022 15:08:01
21,Ajay Kumar,ajay32852@yopmail.com,8957595123,True,22-12-2022 18:12:12,10-03-2023 10:39:03
23,dd Kumar,aa@gmail.com,8957595123,True,23-12-2022 14:14:42,23-12-2022 14:26:25
33,Ajay Kumar,ajay389@yopmail.com,8957595123,True,23-12-2022 18:16:42,23-12-2022 18:30:00
34,rer trt,ajay389@yopmail.com,8957595123,True,23-12-2022 18:18:34,10-01-2023 15:16:54
75,dfdf sdfsd,ajay389@yopmail.com,34234234324,True,16-01-2023 11:20:04,16-01-2023 11:20:04
79,dfd fdf,ajay389@yopmail.com,5656565665665,True,16-01-2023 11:44:17,17-02-2023 10:32:24
94,gupta aa,prashant.pal@dotsquares.com,74000565555,True,18-01-2023 19:08:33,16-02-2023 12:39:31
100,proident aliquip in comm,aliquip sunt qui ullamco,nostrud deserunt do culpa,True,15-02-2023 18:38:50,11-04-2023 17:41:38
103,Shubham Sisodia,shubham.singh1@dotsquares.com,88877455544,True,27-03-2023 14:43:54,27-03-2023 14:43:54
104,Shubham Singh,prashant.pal1@dotsquares.com,7734033565,True,27-03-2023 14:46:46,27-03-2023 14:46:46
116,Shubham Sisodia,prashant.pal3@dotsquares.com,88877455544,True,27-03-2023 19:03:52,27-03-2023 19:03:52
117,Shubham Singh,prashant.pal4@dotsquares.com,87878878787,True,27-03-2023 19:05:04,27-03-2023 19:05:04
118,test test,test@dotsquares.com,88877455544,True,27-03-2023 19:11:05,27-03-2023 19:11:05
127,pratik verma,prashant.pal9@dotsquares.com,88877455544,True,28-03-2023 10:26:31,28-03-2023 10:26:31
142,Ajay Kumar,ajay328@yopmail.com,8957594123,True,06-04-2023 18:14:19,06-04-2023 18:14:19
143,Ajay Kumar,ajay3288@yopmail.com,8957594123,True,06-04-2023 18:14:54,06-04-2023 18:14:54
146,Pravin Mishra,pravin@yopmail.com,6383004523,True,07-04-2023 16:30:34,07-04-2023 16:30:34
147,Anshul Gupta,contact.prashantpal@gmail.com,968574658,True,07-04-2023 18:07:17,07-04-2023 18:07:17
148,Raman lal,ff@gmail.com,8596745869,True,07-04-2023 18:25:18,07-04-2023 18:25:18
149,Ajay ,ajay@yopmail.com,8957595123,True,07-04-2023 18:27:43,07-04-2023 18:27:43
150,miCZ qui,kajal.gupta@dotsquares.com,7999846872,True,07-04-2023 18:30:15,07-04-2023 18:30:15
151,Kajal Gupta,kajal.gupta@gmail.com,7999846872,True,07-04-2023 18:30:49,07-04-2023 18:30:49
152,miCZ qui,kajal.gupta12@dotsquares.com,7999846872,True,07-04-2023 18:33:02,07-04-2023 18:33:02
153,Ramu Lal,jj@gmail.com,9685712586,True,07-04-2023 18:45:38,07-04-2023 18:45:38
154,Ramu Lal,kkk@gmail.com,9685712586,True,07-04-2023 18:46:33,07-04-2023 18:46:33
155,test user,test@yopmail.com,7897714687,True,11-04-2023 16:52:37,11-04-2023 16:52:37
156,HX dolore con,xwX@[779.2.58.7,dolore in,True,11-04-2023 17:39:55,11-04-2023 17:39:55
157,do Ut eiusmod veniam ullamco,occaecat mollit,aliqua id,True,11-04-2023 18:29:58,19-04-2023 19:12:57
158,vinay gupta,vinay.gupta@dotsquares.com,1478523698,True,12-04-2023 11:28:29,12-05-2023 17:44:48
168,Kajal Gupta,kajal.gupta@yopmail.com,7999846872,True,21-04-2023 10:56:42,21-04-2023 10:56:42
169,Kajal Gupta,kajal@yopmail.com,7999846872,True,21-04-2023 11:03:59,21-04-2023 11:03:59
170,Kajal Gupta,kajal.gupta01@yopmail.com,79999398305,True,21-04-2023 12:07:59,21-04-2023 12:19:18
175,Ashish poonia,ashish@yopmail.com,8899889988,True,27-04-2023 11:50:48,27-04-2023 11:51:58
176,Ashish poonis,poonia@yopmail.com,889933444,True,27-04-2023 11:52:29,12-05-2023 17:39:34
177,Jagat Pal,jagat.pal@gmail.com,1478523698,True,27-04-2023 17:00:35,27-04-2023 17:00:35
178,Arnav Sharma,Arnav.Sharma@gmail.com,7412589632,True,28-04-2023 14:07:38,28-04-2023 14:07:38
179,Anand verma,Anand.Verma@gmail.com,789654123698,True,28-04-2023 16:29:49,28-04-2023 16:29:49
180,UQfI qUQPBDu,DYcIC.7hq1@bZMt.Mpp.rA4M.tT2o4i9.ZmUL.U5dygrSpug.kLhbrkJm9P.C5g-1xS5i.ZaYxO.Xvp4VUfq2.EoRjxo9Hs.Jf,<string>,True,28-04-2023 18:23:04,28-04-2023 18:23:04
181,kajall gupta,kajal.gupta012@yopmail.com,8318873019,True,28-04-2023 18:25:16,02-06-2023 12:14:23
182,Kajal Gupta,kajal.g@yopmail.com,4589082908,True,28-04-2023 19:23:52,28-04-2023 19:23:52
183,Shubham Singh,shubham.sisodia@dotsquares.com,7412589632,True,01-05-2023 14:50:54,02-05-2023 16:13:49
184,Shubham Sisodia,shubham.singh11@dotsquares.com,88877455545,True,12-05-2023 18:18:50,15-05-2023 10:51:41
185,JagatPal Tomar,Jagat.Tomar@dotsquares.com,88877455545,True,15-05-2023 10:30:13,15-05-2023 10:50:53
186,Pravin1 Mishra1,pravin.mishra1@dotsquares.com,88877455544,True,15-05-2023 12:37:43,15-05-2023 12:38:15
187,Shubham Singh,shubham.sisodia11@dotsquares.com,8118837529,True,18-05-2023 14:25:46,18-05-2023 14:25:46
188,Hemendra Gahlot,hemendra.sidodia1@dotsquares.com,773405566,True,18-05-2023 14:32:30,18-05-2023 14:32:30
202,Kajal Gupta,kajal123@yopmail.com,3496083249,True,19-05-2023 17:47:09,19-05-2023 19:27:29
210,Ashish Poonia,poonia123@yopmail.com,8855445522,True,23-05-2023 18:10:28,29-05-2023 15:58:36
226,Test user,demo@yopmail.com,8855996654,True,25-05-2023 10:39:01,25-05-2023 10:39:01
227,Deepak saraswat,deepak.saraswat@yopmail.com,7987806510,True,25-05-2023 11:33:35,25-05-2023 11:33:35
228,Mahendraa Singh,mahendra.singh@yopmail.com,8209125776,True,25-05-2023 18:18:20,30-05-2023 14:16:32
229,Sunil Kumar,sunil01@yopmail.com,9856078968,True,26-05-2023 11:15:42,26-05-2023 11:15:42
230,Test user,us01@yopmail.com,546546545,True,29-05-2023 15:59:28,29-05-2023 16:06:57
235,Jagat Pal,jagat.pal@dotsquares.com,7734055857,True,30-05-2023 14:00:11,30-05-2023 14:00:11
236,Diwakar Kalra,dikhawa@yopmail.com,9898786798,True,30-05-2023 14:29:38,30-05-2023 18:52:25
237,Prince Singh,prince@yopmail.com,9089768986,True,01-06-2023 14:08:50,02-06-2023 15:03:15
238,Prashant pal,palpp@yopmail.com,9170412371,True,02-06-2023 15:00:06,02-06-2023 15:04:19
